{"cameraMode":{"drawMode":0,"name":"Shaded","section":"Shading Mode"},"sceneLighting":true,"audioPlay":false,"sceneViewState":{"m_AlwaysRefresh":false,"showFog":true,"showSkybox":true,"showFlares":true,"showImageEffects":true,"showParticleSystems":true,"showVisualEffectGraphs":true,"m_FxEnabled":true},"in2DMode":false,"pivot":{"x":-4.520544052124023,"y":2.215301513671875,"z":23.050922393798829},"rotation":{"x":0.024062074720859529,"y":0.9450005292892456,"z":-0.07162231206893921,"w":0.3190228044986725},"size":1.3457874059677125,"orthographic":false}