{"cameraMode":{"drawMode":0,"name":"Shaded","section":"Shading Mode"},"sceneLighting":true,"audioPlay":false,"sceneViewState":{"m_AlwaysRefresh":false,"showFog":true,"showSkybox":true,"showFlares":true,"showImageEffects":true,"showParticleSystems":true,"showVisualEffectGraphs":true,"m_FxEnabled":true},"in2DMode":false,"pivot":{"x":-1.9777718782424927,"y":1.9093742370605469,"z":7.279690265655518},"rotation":{"x":0.09034160524606705,"y":0.5432449579238892,"z":-0.05884857475757599,"w":0.8328399658203125},"size":0.9049965143203735,"orthographic":false}